BankName,Rating,EarlyWithDrawalPenalty,APY,MinEarn,MinDeposit,APY_Value
My eBanc,3.4,90 Days,4.50%,$5k,$5k,4.5
Genisys Credit Union,4.8,90 Days,4.48%,$500,$500,4.48
USALLIANCE Financial,4.1,180 Days,4.40%,$500,$500,4.4
Veridian Credit Union,4.1,—,4.40%,$1k,—,4.4
EagleBank,3.2,—,4.40%,$1k,$1k,4.4
Providence Bank (NC),4.3,—,4.40%,$1k,—,4.4
State Employees' Credit Union (NC),4.7,—,4.40%,$250,$250,4.4
Communitywide Federal Credit Union,3.0,—,4.40%,$1k,$1k,4.4
Colorado Federal Savings Bank,3.6,90 Days,4.40%,$5k,$5k,4.4
NexBank,3.2,—,4.35%,$10k,$10k,4.35
Brilliant Bank,3.2,—,4.35%,$1k,$1k,4.35
Sallie Mae Bank,3.7,180 Days,4.35%,$2.5k,$2.5k,4.35
Seattle Bank,4.0,90 Days,4.35%,$1k,$1k,4.35
Pelican State Credit Union,4.0,—,4.33%,$500,$500,4.33
Pen Air Credit Union,5.0,—,4.30%,$500,—,4.3
Lafayette Federal Credit Union,4.1,180 Days,4.28%,$500,$500,4.28
ableBanking,2.2,—,4.25%,$5k,$5k,4.25
Coastal Credit Union (NC),3.6,365 Days,4.25%,$250,$250,4.25
TotalBank,3.6,90 Days,4.25%,$25k,$25k,4.25
Synchrony Bank,4.8,180 Days,4.25%,$0,$0,4.25
Prime Alliance Bank,4.8,30 Days,4.25%,$500,$500,4.25
Mountain America Credit Union,5.0,—,4.25%,$500,—,4.25
KS StateBank,4.1,180 Days,4.25%,$500,$500,4.25
First Technology Federal Credit Union,5.0,—,4.25%,$500,—,4.25
First Internet Bank,3.4,180 Days,4.20%,$1k,$1k,4.2
Newtek Bank,3.3,180 Days,4.20%,$2.5k,$2.5k,4.2
NASA Federal Credit Union,2.5,182 Days,4.19%,$10k,$10k,4.19
Peak Bank,3.8,—,4.16%,$1k,—,4.16
Liberty Federal Credit Union,5.0,—,4.15%,$0,—,4.15
Salem Five,2.0,—,4.15%,$10k,—,4.15
Service Credit Union,5.0,—,4.15%,$500,—,4.15
iGObanking,3.8,—,4.15%,$1k,—,4.15
American Bank,4.6,90 Days,4.15%,$500,$500,4.15
American Heritage Credit Union,3.1,180 Days,4.10%,$1k,$500,4.1
EverBank,3.8,—,4.10%,$1k,—,4.1
Marcus by Goldman Sachs,4.6,180 Days,4.10%,$500,$500,4.1
RTP Federal Credit Union,4.7,—,4.08%,$250,—,4.08
Self-Help Credit Union,4.5,90 Days,4.08%,$500,$500,4.08
Bayer Heritage Federal Credit Union,4.7,120 Days,4.08%,$100,$100,4.08
Vision Financial Federal Credit Union,4.7,—,4.07%,$0,—,4.07
Credit Human,3.8,180 Days,4.05%,$500,$500,4.05
ConnectOne Bank,4.7,180 Days,4.00%,$500,$500,4.0
Consumers Credit Union (IL),4.7,—,4.00%,$250,—,4.0
E*TRADE from Morgan Stanley,4.6,—,4.00%,$0,$0,4.0
Greenwood Credit Union,4.0,180 Days,4.00%,$1k,$1k,4.0
Merrick Bank,2.0,—,4.00%,$25k,$25k,4.0
Popular Direct,2.1,270 Days,4.00%,$10k,$10k,4.0
"Santander Bank, N.A",3.8,—,4.00%,$500,$500,4.0
Bask Bank,3.9,180 Days,4.00%,$1k,$1k,4.0
CFG Bank,3.8,—,4.00%,$500,$500,4.0
Matadors Community Credit Union,2.8,—,4.00%,$1k,$1k,4.0
Fort Liberty Federal Credit Union,3.0,90 Days,4.00%,$25k,$25k,4.0
Barclays,4.8,90 Days,4.00%,$0,$0,4.0
Capital One,4.6,90 Days,4.00%,$0,$0,4.0
Citi,4.0,180 Days,4.00%,$0,$500,4.0
Discover®,3.9,180 Days,4.00%,$0,$0,4.0
Dover Federal Credit Union,4.5,90 Days,4.00%,$500,$500,4.0
Empeople Credit Union,4.6,90 Days,4.00%,$500,$500,4.0
Evergreen Bank Group,4.7,90 Days,4.00%,$500,$500,4.0
Technology Credit Union,4.0,90 Days,4.00%,$1k,$1k,4.0
Northrop Grumman Federal Credit Union,3.2,90 Days,4.00%,$2.5k,$2.5k,4.0
Premier Members Credit Union,3.8,—,4.00%,$500,$500,4.0
Hanscom Federal Credit Union,3.8,—,4.00%,$1k,—,4.0
MainStreet Bank,4.4,90 Days,4.00%,$500,$500,4.0
Presidential Bank (MD),3.1,180 Days,4.00%,$1k,$1k,4.0
Northwest Federal Credit Union,3.1,180 Days,4.00%,$1k,$1k,4.0
Sun Canyon Bank,3.4,180 Days,3.96%,$5k,$5k,3.96
Luana Savings Bank,3.6,—,3.94%,$2k,—,3.94
Live Oak Bank,3.8,90 Days,3.90%,$2.5k,$2.5k,3.9
Langley Federal Credit Union,4.6,180 Days,3.90%,$500,$500,3.9
Chevron Federal Credit Union,4.7,—,3.90%,$500,—,3.9
Spectrum Credit Union,3.8,—,3.90%,$500,$500,3.9
Capital Educators Federal Credit Union,4.4,—,3.90%,$500,—,3.9
Ally Bank,4.6,60 Days,3.90%,$0,$0,3.9
UNIFY Financial Credit Union,4.4,90 Days,3.88%,$100,$100,3.88
American Express®,3.5,270 Days,3.85%,$0,$0,3.85
Bellco Credit Union,4.4,90 Days,3.85%,$500,$500,3.85
Hughes Federal Credit Union,3.7,90 Days,3.82%,$1k,$1k,3.82
Marine Federal Credit Union,4.1,180 Days,3.82%,$1k,$1k,3.82
Vio Bank,3.6,—,3.80%,$500,$500,3.8
Bread Savings,3.5,180 Days,3.80%,$1.5k,$1.5k,3.8
CIBC Bank USA,4.2,30 Days,3.76%,$1k,$1k,3.76
Blue Federal Credit Union,3.6,90 Days,3.75%,$1k,$1k,3.75
Library Of Congress Federal Credit Union,3.6,180 Days,3.75%,$500,$500,3.75
Pinnacle Federal Credit Union,4.0,—,3.75%,$500,—,3.75
Regions Bank,4.0,—,3.75%,$500,—,3.75
"Roxboro Savings Bank, SSB",2.4,—,3.75%,$5k,—,3.75
Teachers Federal Credit Union,3.0,180 Days,3.75%,$1k,$1k,3.75
